Strain	Ref	Scaffold:Pos	GeneID	FILTER	Effect	cDNA	aa	Allelic_depths
48	B8441	PEKT02000007:34112	B9J08_002604	PASS	missense_variant	c.153C>G	p.His51Gln	0,87
48	B8441	PEKT02000007:34487	B9J08_002604	PASS	missense_variant	c.528T>A	p.Asn176Lys	0,98
48	B8441	PEKT02000007:68067	B9J08_002617	PASS	missense_variant	c.913A>G	p.Ile305Val	0,103
48	B8441	PEKT02000007:81857	B9J08_002623	PASS	missense_variant	c.1219C>A	p.Pro407Thr	0,78
48	B8441	PEKT02000007:103808	B9J08_002634	PASS	missense_variant	c.263A>C	p.His88Pro	0,65
48	B8441	PEKT02000007:109532	B9J08_002636	PASS	missense_variant	c.913A>T	p.Thr305Ser	0,101
48	B8441	PEKT02000007:206548	B9J08_002673	PASS	missense_variant	c.806G>A	p.Cys269Tyr	0,96
48	B8441	PEKT02000007:283357	B9J08_002708	PASS	missense_variant	c.1291A>T	p.Thr431Ser	0,119
48	B8441	PEKT02000007:298557	B9J08_002714	PASS	missense_variant	c.1433A>G	p.Asn478Ser	0,101
48	B8441	PEKT02000007:328554	B9J08_002735	PASS	missense_variant	c.274T>G	p.Ser92Ala	0,62
48	B8441	PEKT02000007:336227	B9J08_002737	PASS	missense_variant	c.119G>T	p.Gly40Val	0,75
48	B8441	PEKT02000007:374962	B9J08_002758	PASS	missense_variant	c.1178T>A	p.Val393Glu	0,111
48	B8441	PEKT02000007:459851	B9J08_002799	PASS	missense_variant	c.275T>A	p.Met92Lys	0,75
48	B8441	PEKT02000007:515009	B9J08_002831	PASS	missense_variant	c.562T>C	p.Phe188Leu	0,77
48	B8441	PEKT02000007:516674	B9J08_002832	PASS	missense_variant	c.694T>A	p.Ser232Thr	0,82
48	B8441	PEKT02000007:516675	B9J08_002832	PASS	missense_variant	c.695C>T	p.Ser232Leu	0,82
48	B8441	PEKT02000007:527547	B9J08_002836	PASS	missense_variant	c.1561C>G	p.Arg521Gly	0,93
48	B8441	PEKT02000007:567011	B9J08_002852	PASS	missense_variant	c.576G>T	p.Met192Ile	0,98
48	B8441	PEKT02000007:657922	B9J08_002892	PASS	missense_variant	c.531A>T	p.Arg177Ser	0,107
48	B8441	PEKT02000007:666352	B9J08_002896	PASS	missense_variant	c.2053G>T	p.Ala685Ser	0,101
48	B8441	PEKT02000007:673927	B9J08_002900	PASS	missense_variant	c.955C>G	p.Leu319Val	0,104
48	B8441	PEKT02000007:713562	B9J08_002925	PASS	missense_variant	c.617C>T	p.Pro206Leu	0,101
48	B8441	PEKT02000007:722098	B9J08_002929	PASS	missense_variant	c.665C>T	p.Ala222Val	0,103
48	B8441	PEKT02000007:738349	B9J08_002936	PASS	missense_variant	c.906T>A	p.Asp302Glu	0,94
48	B8441	PEKT02000007:741842	B9J08_002939	PASS	missense_variant	c.37G>T	p.Val13Phe	0,76
48	B8441	PEKT02000007:755093	B9J08_002945	PASS	missense_variant	c.210A>T	p.Gln70His	0,89
48	B8441	PEKT02000007:755094	B9J08_002945	PASS	missense_variant	c.211C>G	p.Arg71Gly	0,89
48	B8441	PEKT02000007:770908	B9J08_002953	PASS	missense_variant	c.2657C>T	p.Pro886Leu	0,86
48	B8441	PEKT02000007:782691	B9J08_002957	PASS	missense_variant	c.134T>C	p.Leu45Ser	0,87
48	B8441	PEKT02000007:783796	B9J08_002958	PASS	missense_variant	c.956G>A	p.Arg319Gln	0,78
48	B8441	PEKT02000007:784953	B9J08_002959	PASS	stop_lost&splice_region_variant	c.351A>G	p.Ter117Trpext*?	0,70
48	B8441	PEKT02000007:827643	B9J08_002983	PASS	missense_variant	c.656C>T	p.Thr219Ile	0,96
48	B8441	PEKT02000007:846647	B9J08_002993	PASS	missense_variant	c.1131T>A	p.His377Gln	0,107
48	B8441	PEKT02000007:880227	B9J08_003008	PASS	missense_variant	c.5315G>C	p.Arg1772Thr	0,96
48	B8441	PEKT02000007:908656	B9J08_003025	PASS	missense_variant	c.755G>C	p.Arg252Thr	0,81
48	B8441	PEKT02000007:953203	B9J08_003050	PASS	missense_variant	c.1900G>A	p.Gly634Ser	0,74
48	B8441	PEKT02000007:987231	B9J08_003069	PASS	missense_variant	c.2023T>G	p.Leu675Val	0,77
48	B8441	PEKT02000007:987344	B9J08_003069	PASS	missense_variant	c.1910G>A	p.Arg637Lys	0,83
48	B8441	PEKT02000007:998537	B9J08_003076	PASS	missense_variant	c.1651C>G	p.Pro551Ala	0,108
48	B8441	PEKT02000007:1100881	B9J08_003132	PASS	missense_variant	c.479T>C	p.Phe160Ser	0,88
48	B8441	PEKT02000007:1119823	B9J08_003145	PASS	missense_variant	c.184A>T	p.Ser62Cys	0,92
48	B8441	PEKT02000007:1130935	B9J08_003151	PASS	missense_variant	c.1459T>G	p.Phe487Val	0,84
48	B8441	PEKT02000007:1185440	B9J08_003179	PASS	missense_variant	c.722G>A	p.Ser241Asn	0,84
48	B8441	PEKT02000007:1202298	B9J08_003188	PASS	missense_variant	c.1130A>T	p.His377Leu	0,75
48	B8441	PEKT02000007:1282531	B9J08_003227	PASS	missense_variant	c.1747C>A	p.Leu583Ile	0,79
48	B8441	PEKT02000007:1299549	B9J08_003232	PASS	missense_variant	c.220A>G	p.Lys74Glu	0,61
48	B8441	PEKT02000007:1324013	B9J08_003242	PASS	missense_variant	c.3160G>A	p.Ala1054Thr	0,107
48	B8441	PEKT02000007:1326033	B9J08_003242	PASS	missense_variant	c.1140G>C	p.Met380Ile	0,97
48	B8441	PEKT02000007:1334668	B9J08_003247	PASS	missense_variant	c.1976A>C	p.Gln659Pro	1,104
48	B8441	PEKT02000007:1483574	B9J08_003315	PASS	missense_variant	c.545G>A	p.Gly182Glu	0,80
48	B8441	PEKT02000007:1502595	B9J08_003323	PASS	missense_variant	c.1496A>G	p.Asp499Gly	0,117
48	B8441	PEKT02000007:1524574	B9J08_003340	PASS	missense_variant	c.802T>C	p.Ser268Pro	0,75
48	B8441	PEKT02000007:1533528	B9J08_003346	PASS	missense_variant	c.130A>T	p.Ile44Phe	0,85
48	B8441	PEKT02000007:1555897	B9J08_003354	PASS	missense_variant	c.1090G>A	p.Gly364Arg	0,107
48	B8441	PEKT02000007:1596055	B9J08_003375	PASS	stop_gained	c.1141C>T	p.Gln381*	0,79
48	B8441	PEKT02000007:1649205	B9J08_003401	PASS	missense_variant	c.599T>G	p.Met200Arg	0,75
48	B8441	PEKT02000007:1653040	B9J08_003401	PASS	missense_variant	c.4434A>T	p.Glu1478Asp	0,92
48	B8441	PEKT02000007:1666044	B9J08_003406	PASS	missense_variant	c.551G>A	p.Cys184Tyr	0,91
48	B8441	PEKT02000007:1679111	B9J08_003412	PASS	missense_variant	c.179C>T	p.Ala60Val	1,75
48	B8441	PEKT02000007:1727090	B9J08_003434	PASS	missense_variant	c.1102G>C	p.Gly368Arg	0,79
48	B8441	PEKT02000007:1732050	B9J08_003437	PASS	missense_variant	c.22G>A	p.Gly8Arg	0,65
48	B8441	PEKT02000007:1804511	B9J08_003465	PASS	missense_variant	c.1567G>A	p.Gly523Ser	0,74
48	B8441	PEKT02000007:1832284	B9J08_003479	PASS	missense_variant	c.690C>A	p.Asn230Lys	0,110
48	B8441	PEKT02000007:1866726	B9J08_003498	PASS	missense_variant	c.1243G>A	p.Glu415Lys	0,94
48	B8441	PEKT02000007:1886342	B9J08_003506	PASS	missense_variant	c.1106A>G	p.Lys369Arg	0,69
48	B8441	PEKT02000007:1909418	B9J08_003518	PASS	missense_variant	c.1782T>A	p.Asp594Glu	0,105
48	B8441	PEKT02000007:1912793	B9J08_003519	PASS	missense_variant	c.131A>G	p.Asp44Gly	0,68
48	B8441	PEKT02000007:1921310	B9J08_003524	PASS	missense_variant	c.277A>G	p.Lys93Glu	0,96
48	B8441	PEKT02000007:2034227	B9J08_003583	PASS	missense_variant	c.1943G>A	p.Ser648Asn	0,91
48	B8441	PEKT02000007:2037766	B9J08_003584	PASS	missense_variant	c.97G>A	p.Glu33Lys	0,69
48	B8441	PEKT02000007:2115899	B9J08_003615	PASS	missense_variant	c.1222T>A	p.Phe408Ile	0,102
48	B8441	PEKT02000007:2159402	B9J08_003632	PASS	missense_variant	c.1204G>A	p.Val402Ile	0,74
48	B8441	PEKT02000007:2173164	B9J08_003639	PASS	missense_variant	c.2845T>A	p.Leu949Met	0,105
48	B8441	PEKT02000007:2178905	B9J08_003640	PASS	missense_variant	c.58T>C	p.Ser20Pro	0,72
48	B8441	PEKT02000007:2255021	B9J08_003684	PASS	missense_variant	c.139C>T	p.Arg47Trp	0,61
48	B8441	PEKT02000007:2318806	B9J08_003713	PASS	missense_variant	c.2191A>G	p.Thr731Ala	1,79
48	B8441	PEKT02000007:2381547	B9J08_003741	PASS	missense_variant	c.322T>A	p.Phe108Ile	0,98
48	B8441	PEKT02000007:2398688	B9J08_003752	PASS	missense_variant	c.545C>G	p.Ala182Gly	0,54
48	B8441	PEKT02000007:2412231	B9J08_003761	PASS	missense_variant	c.1219A>C	p.Thr407Pro	0,72
48	B8441	PEKT02000007:2443487	B9J08_003774	PASS	missense_variant	c.769G>A	p.Asp257Asn	0,62
48	B8441	PEKT02000007:2452768	B9J08_003776	PASS	missense_variant	c.698A>T	p.Tyr233Phe	0,79
48	B8441	PEKT02000007:2461659	B9J08_003780	PASS	missense_variant	c.2974T>A	p.Phe992Ile	0,82
48	B8441	PEKT02000007:2462216	B9J08_003780	PASS	missense_variant	c.3531A>G	p.Ile1177Met	0,80
48	B8441	PEKT02000007:2474991	B9J08_003784	PASS	missense_variant	c.346A>G	p.Asn116Asp	0,94
48	B8441	PEKT02000007:2504994	B9J08_003796	PASS	missense_variant	c.443C>T	p.Ala148Val	0,61
48	B8441	PEKT02000007:2523672	B9J08_003802	PASS	missense_variant	c.1919T>A	p.Met640Lys	0,78
48	B8441	PEKT02000007:2546825	B9J08_003810	PASS	missense_variant	c.448G>A	p.Glu150Lys	0,87
48	B8441	PEKT02000007:2548225	B9J08_003812	PASS	missense_variant	c.970A>G	p.Lys324Glu	0,74
48	B8441	PEKT02000007:2594308	B9J08_003834	PASS	missense_variant	c.1238G>C	p.Arg413Thr	0,72
48	B8441	PEKT02000007:2604516	B9J08_003839	PASS	missense_variant	c.459G>T	p.Leu153Phe	0,79
48	B8441	PEKT02000007:2616422	B9J08_003845	PASS	missense_variant	c.2527A>G	p.Asn843Asp	0,76
48	B8441	PEKT02000007:2719634	B9J08_003891	PASS	missense_variant	c.134C>T	p.Ser45Leu	0,94
48	B8441	PEKT02000007:2721892	B9J08_003892	PASS	missense_variant	c.1470G>A	p.Met490Ile	0,77
48	B8441	PEKT02000007:2776751	B9J08_003915	PASS	missense_variant	c.2858T>A	p.Met953Lys	0,95
48	B8441	PEKT02000007:2798598	B9J08_003924	PASS	missense_variant	c.844T>A	p.Phe282Ile	0,127
48	B8441	PEKT02000007:2815965	B9J08_003931	PASS	missense_variant	c.1459G>A	p.Ala487Thr	0,91
48	B8441	PEKT02000007:2816335	B9J08_003931	PASS	missense_variant	c.1089T>A	p.Asp363Glu	0,106
48	B8441	PEKT02000007:2821119	B9J08_003934	PASS	missense_variant	c.976G>T	p.Val326Phe	0,94
48	B8441	PEKT02000007:2840821	B9J08_003944	PASS	missense_variant	c.1044G>T	p.Leu348Phe	0,84
48	B8441	PEKT02000007:2900663	B9J08_003970	PASS	missense_variant	c.1391T>A	p.Val464Glu	0,73
48	B8441	PEKT02000007:2900998	B9J08_003970	PASS	missense_variant	c.1056T>A	p.Ser352Arg	0,70
48	B8441	PEKT02000007:2907394	B9J08_003973	PASS	missense_variant	c.457G>A	p.Asp153Asn	0,68
48	B8441	PEKT02000007:3063337	B9J08_004043	PASS	missense_variant	c.1322G>A	p.Gly441Asp	0,93
48	B8441	PEKT02000007:3075311	B9J08_004050	PASS	missense_variant	c.62G>A	p.Arg21Lys	0,91
48	B8441	PEKT02000007:3122661	B9J08_004080	PASS	missense_variant	c.5T>C	p.Val2Ala	0,102
48	B8441	PEKT02000007:3136594	B9J08_004086	PASS	missense_variant	c.781C>A	p.Arg261Ser	0,82
48	B8441	PEKT02000010:46682	B9J08_004911	PASS	missense_variant	c.285A>T	p.Glu95Asp	0,108
48	B8441	PEKT02000010:58806	B9J08_004916	PASS	missense_variant	c.32A>G	p.Asp11Gly	0,87
48	B8441	PEKT02000010:96904	B9J08_004936	PASS	missense_variant	c.1582G>A	p.Glu528Lys	0,106
48	B8441	PEKT02000010:98220	B9J08_004936	PASS	missense_variant	c.266T>A	p.Phe89Tyr	0,85
48	B8441	PEKT02000010:122482	B9J08_004948	PASS	missense_variant	c.2267A>T	p.Gln756Leu	0,79
48	B8441	PEKT02000010:159880	B9J08_004966	PASS	missense_variant	c.493A>T	p.Ile165Phe	0,87
48	B8441	PEKT02000010:164395	B9J08_004967	PASS	missense_variant	c.2092A>G	p.Met698Val	0,86
48	B8441	PEKT02000010:166664	B9J08_004968	PASS	missense_variant	c.71G>C	p.Arg24Pro	0,87
48	B8441	PEKT02000010:169918	B9J08_004968	PASS	missense_variant	c.3325G>A	p.Val1109Ile	0,98
48	B8441	PEKT02000010:189294	B9J08_004979	PASS	missense_variant	c.592G>A	p.Gly198Arg	0,74
48	B8441	PEKT02000010:190254	B9J08_004980	PASS	missense_variant	c.300G>A	p.Met100Ile	0,79
48	B8441	PEKT02000010:212215	B9J08_004988	PASS	missense_variant&splice_region_variant	c.23G>A	p.Arg8His	0,60
48	B8441	PEKT02000010:246311	B9J08_005008	PASS	missense_variant	c.1051T>A	p.Leu351Met	0,67
48	B8441	PEKT02000010:257409	B9J08_005014	PASS	missense_variant	c.244C>T	p.Arg82Cys	0,59
48	B8441	PEKT02000010:294086	B9J08_005032	PASS	missense_variant	c.464A>G	p.Tyr155Cys	0,93
48	B8441	PEKT02000010:334731	B9J08_005050	PASS	missense_variant	c.336C>G	p.Asn112Lys	0,89
48	B8441	PEKT02000010:354184	B9J08_005059	PASS	missense_variant	c.1554A>T	p.Arg518Ser	0,80
48	B8441	PEKT02000010:357267	B9J08_005059	PASS	missense_variant	c.4637G>A	p.Arg1546Lys	0,71
48	B8441	PEKT02000010:376911	B9J08_005066	PASS	missense_variant	c.2209G>C	p.Ala737Pro	0,74
48	B8441	PEKT02000010:426639	B9J08_005092	PASS	missense_variant	c.448G>T	p.Ala150Ser	0,71
48	B8441	PEKT02000010:437720	B9J08_005098	PASS	missense_variant	c.2318A>C	p.Asn773Thr	1,68
48	B8441	PEKT02000010:516380	B9J08_005132	PASS	missense_variant	c.16T>C	p.Ser6Pro	0,70
48	B8441	PEKT02000010:604552	B9J08_005181	PASS	missense_variant	c.92T>C	p.Val31Ala	0,60
48	B8441	PEKT02000010:618100	B9J08_005188	PASS	missense_variant	c.422T>A	p.Leu141Gln	0,73
48	B8441	PEKT02000010:619966	B9J08_005188	PASS	missense_variant	c.2288A>G	p.Asp763Gly	0,76
48	B8441	PEKT02000010:622157	B9J08_005190	PASS	missense_variant	c.840T>A	p.His280Gln	0,63
48	B8441	PEKT02000010:630108	B9J08_005195	PASS	missense_variant	c.356T>C	p.Val119Ala	0,78
48	B8441	PEKT02000010:631296	B9J08_005196	PASS	missense_variant	c.144A>G	p.Ile48Met	0,84
48	B8441	PEKT02000010:686127	B9J08_005217	PASS	missense_variant	c.328T>A	p.Phe110Ile	0,73
48	B8441	PEKT02000010:692699	B9J08_005220	PASS	missense_variant	c.3782C>T	p.Pro1261Leu	0,122
48	B8441	PEKT02000010:733408	B9J08_005235	PASS	missense_variant	c.593A>T	p.Glu198Val	0,116
48	B8441	PEKT02000010:738197	B9J08_005237	PASS	missense_variant	c.812C>T	p.Ala271Val	0,116
48	B8441	PEKT02000010:763675	B9J08_005249	PASS	missense_variant	c.2763G>C	p.Glu921Asp	0,107
48	B8441	PEKT02000010:775933	B9J08_005257	PASS	missense_variant	c.760C>T	p.Pro254Ser	0,110
48	B8441	PEKT02000010:796544	B9J08_005264	PASS	missense_variant	c.350C>T	p.Ser117Phe	0,74
48	B8441	PEKT02000010:804467	B9J08_005267	PASS	missense_variant	c.273T>A	p.His91Gln	0,28
48	B8441	PEKT02000010:851674	B9J08_005289	PASS	missense_variant	c.1721T>C	p.Val574Ala	1,77
48	B8441	PEKT02000010:855641	B9J08_005293	PASS	missense_variant	c.459G>C	p.Glu153Asp	0,84
48	B8441	PEKT02000010:859671	B9J08_005294	PASS	missense_variant	c.1072T>A	p.Tyr358Asn	0,111
48	B8441	PEKT02000010:895697	B9J08_005311	PASS	stop_gained	c.1057C>T	p.Gln353*	0,81
48	B8441	PEKT02000010:903524	B9J08_005315	PASS	missense_variant	c.293T>C	p.Val98Ala	0,80
48	B8441	PEKT02000010:922132	B9J08_005323	PASS	missense_variant	c.1280G>T	p.Cys427Phe	0,61
48	B8441	PEKT02000010:929091	B9J08_005325	PASS	missense_variant	c.1517T>C	p.Ile506Thr	1,83
48	B8441	PEKT02000010:984101	B9J08_005348	PASS	missense_variant	c.1949A>C	p.Glu650Ala	0,85
48	B8441	PEKT02000010:991471	B9J08_005353	PASS	missense_variant	c.2371A>G	p.Ile791Val	0,60
48	B8441	PEKT02000010:991660	B9J08_005353	PASS	missense_variant	c.2182G>A	p.Val728Ile	0,76
48	B8441	PEKT02000010:1003124	B9J08_005357	PASS	missense_variant	c.2477G>A	p.Ser826Asn	0,83
48	B8441	PEKT02000010:1040235	B9J08_005376	PASS	missense_variant	c.434A>G	p.Gln145Arg	0,84
48	B8441	PEKT02000010:1049192	B9J08_005380	PASS	missense_variant	c.297C>G	p.Asp99Glu	0,80
48	B8441	PEKT02000010:1084684	B9J08_005391	PASS	missense_variant	c.3635A>G	p.Asp1212Gly	0,91
48	B8441	PEKT02000010:1095804	B9J08_005396	PASS	missense_variant	c.2179A>G	p.Met727Val	0,107
48	B8441	PEKT02000010:1098519	B9J08_005397	PASS	missense_variant	c.208A>C	p.Ser70Arg	0,76
48	B8441	PEKT02000010:1112570	B9J08_005404	PASS	missense_variant	c.108G>T	p.Trp36Cys	0,72
48	B8441	PEKT02000010:1125652	B9J08_005406	PASS	missense_variant	c.10069G>A	p.Ala3357Thr	0,80
48	B8441	PEKT02000010:1132331	B9J08_005410	PASS	missense_variant	c.578C>A	p.Ala193Glu	0,83
48	B8441	PEKT02000010:1133480	B9J08_005411	PASS	missense_variant	c.1171T>G	p.Leu391Val	0,86
48	B8441	PEKT02000010:1148912	B9J08_005418	PASS	missense_variant	c.331G>A	p.Glu111Lys	0,86
48	B8441	PEKT02000010:1252306	B9J08_005463	PASS	missense_variant	c.616A>C	p.Asn206His	0,89
48	B8441	PEKT02000010:1253925	B9J08_005464	PASS	missense_variant	c.2109C>G	p.Asn703Lys	0,86
48	B8441	PEKT02000010:1261701	B9J08_005469	PASS	missense_variant	c.1019T>C	p.Phe340Ser	0,80
48	B8441	PEKT02000010:1272141	B9J08_005476	PASS	missense_variant	c.2194A>T	p.Ser732Cys	0,93
48	B8441	PEKT02000010:1344411	B9J08_005511	PASS	missense_variant	c.1923G>T	p.Leu641Phe	0,99
48	B8441	PEKT02000010:1375712	B9J08_005524	PASS	missense_variant	c.710C>T	p.Ser237Leu	0,114
48	B8441	PEKT02000010:1392113	B9J08_005531	PASS	missense_variant	c.241C>T	p.His81Tyr	0,82
48	B8441	PEKT02000002:16067	B9J08_000510	PASS	missense_variant	c.569T>A	p.Met190Lys	0,91
48	B8441	PEKT02000002:38118	B9J08_000514	PASS	missense_variant	c.812G>C	p.Ser271Thr	0,94
48	B8441	PEKT02000002:38523	B9J08_000514	PASS	missense_variant	c.1217T>C	p.Leu406Ser	0,101
48	B8441	PEKT02000002:75626	B9J08_000534	PASS	missense_variant	c.1865C>A	p.Ser622Tyr	0,87
48	B8441	PEKT02000002:120184	B9J08_000561	PASS	missense_variant	c.879T>A	p.Asp293Glu	0,47
48	B8441	PEKT02000002:124322	B9J08_000563	PASS	missense_variant	c.1655T>G	p.Ile552Ser	1,78
48	B8441	PEKT02000002:125040	B9J08_000563	PASS	missense_variant	c.937C>T	p.His313Tyr	0,87
48	B8441	PEKT02000002:141046	B9J08_000573	PASS	missense_variant	c.1050C>G	p.Asn350Lys	0,81
48	B8441	PEKT02000002:190498	B9J08_000594	PASS	missense_variant	c.961C>A	p.His321Asn	0,68
48	B8441	PEKT02000002:199617	B9J08_000599	PASS	missense_variant	c.1619T>A	p.Leu540Gln	0,86
48	B8441	PEKT02000002:229394	B9J08_000611	PASS	missense_variant	c.1710G>T	p.Glu570Asp	0,115
48	B8441	PEKT02000002:252832	B9J08_000620	PASS	missense_variant	c.958A>C	p.Lys320Gln	0,80
48	B8441	PEKT02000002:259729	B9J08_000626	PASS	missense_variant	c.883A>G	p.Arg295Gly	0,69
48	B8441	PEKT02000002:260242	B9J08_000626	PASS	missense_variant	c.370A>G	p.Asn124Asp	0,67
48	B8441	PEKT02000002:265536	B9J08_000628	PASS	missense_variant	c.3005C>T	p.Ala1002Val	0,95
48	B8441	PEKT02000002:298870	B9J08_000649	PASS	missense_variant	c.67T>C	p.Phe23Leu	0,59
48	B8441	PEKT02000002:309299	B9J08_000654	PASS	missense_variant	c.294G>C	p.Lys98Asn	1,73
48	B8441	PEKT02000002:366239	B9J08_000679	PASS	missense_variant	c.181G>A	p.Gly61Arg	0,70
48	B8441	PEKT02000002:382385	B9J08_000686	PASS	missense_variant	c.139G>A	p.Glu47Lys	0,70
48	B8441	PEKT02000002:384284	B9J08_000687	PASS	missense_variant	c.2518G>A	p.Glu840Lys	0,73
48	B8441	PEKT02000002:455274	B9J08_000717	PASS	missense_variant	c.1130G>T	p.Arg377Leu	0,75
48	B8441	PEKT02000002:483637	B9J08_000730	PASS	missense_variant	c.608T>C	p.Val203Ala	0,100
48	B8441	PEKT02000002:592530	B9J08_000777	PASS	missense_variant	c.449A>C	p.Tyr150Ser	0,74
48	B8441	PEKT02000002:662368	B9J08_000806	PASS	missense_variant	c.779T>C	p.Ile260Thr	0,81
48	B8441	PEKT02000002:679577	B9J08_000815	PASS	missense_variant	c.1340T>C	p.Ile447Thr	0,83
48	B8441	PEKT02000002:706064	B9J08_000828	PASS	missense_variant	c.1213C>T	p.Pro405Ser	0,100
48	B8441	PEKT02000002:740835	B9J08_000843	PASS	missense_variant	c.167G>A	p.Gly56Asp	0,81
48	B8441	PEKT02000002:773580	B9J08_000859	PASS	missense_variant	c.127A>T	p.Asn43Tyr	0,76
48	B8441	PEKT02000002:783623	B9J08_000864	PASS	missense_variant	c.85C>T	p.Pro29Ser	0,70
48	B8441	PEKT02000002:785125	B9J08_000865	PASS	missense_variant	c.35C>A	p.Thr12Lys	0,57
48	B8441	PEKT02000002:794602	B9J08_000871	PASS	missense_variant	c.285G>C	p.Arg95Ser	0,95
48	B8441	PEKT02000002:795131	B9J08_000871	PASS	missense_variant	c.814G>T	p.Gly272Cys	0,90
48	B8441	PEKT02000002:818451	B9J08_000883	PASS	missense_variant	c.520C>T	p.Pro174Ser	0,103
48	B8441	PEKT02000002:823814	B9J08_000885	PASS	missense_variant	c.1826C>T	p.Ala609Val	0,84
48	B8441	PEKT02000002:854182	B9J08_000902	PASS	missense_variant	c.1001G>A	p.Gly334Asp	0,69
48	B8441	PEKT02000002:877776	B9J08_000910	PASS	missense_variant	c.303G>C	p.Met101Ile	0,84
48	B8441	PEKT02000002:957975	B9J08_000939	PASS	missense_variant	c.872T>G	p.Leu291Trp	0,88
48	B8441	PEKT02000002:973311	B9J08_000946	PASS	missense_variant	c.770T>C	p.Val257Ala	0,72
48	B8441	PEKT02000002:974740	B9J08_000946	PASS	missense_variant	c.2199A>C	p.Lys733Asn	0,72
48	B8441	PEKT02000002:1006624	B9J08_000964	PASS	missense_variant	c.1916C>T	p.Ser639Phe	0,90
48	B8441	PEKT02000002:1027316	B9J08_000969	PASS	missense_variant	c.2096A>G	p.Asp699Gly	0,85
48	B8441	PEKT02000002:1030118	B9J08_000970	PASS	missense_variant	c.236T>C	p.Val79Ala	0,73
48	B8441	PEKT02000002:1043926	B9J08_000976	PASS	missense_variant	c.542T>C	p.Ile181Thr	0,90
48	B8441	PEKT02000002:1129825	B9J08_001016	PASS	missense_variant	c.1592G>A	p.Arg531Lys	0,88
48	B8441	PEKT02000002:1174438	B9J08_001033	PASS	missense_variant	c.408G>C	p.Leu136Phe	0,75
48	B8441	PEKT02000002:1177520	B9J08_001035	PASS	missense_variant	c.349C>A	p.Gln117Lys	0,76
48	B8441	PEKT02000002:1194618	B9J08_001043	PASS	missense_variant	c.802G>A	p.Ala268Thr	0,60
48	B8441	PEKT02000001:61072	B9J08_000023	PASS	missense_variant	c.109G>T	p.Val37Leu	0,70
48	B8441	PEKT02000001:98980	B9J08_000043	PASS	missense_variant	c.1537A>G	p.Ile513Val	0,106
48	B8441	PEKT02000001:105722	B9J08_000045	PASS	missense_variant	c.1385A>T	p.Lys462Met	0,91
48	B8441	PEKT02000001:120950	B9J08_000055	PASS	missense_variant	c.620G>C	p.Arg207Pro	0,90
48	B8441	PEKT02000001:139232	B9J08_000062	PASS	missense_variant	c.2572A>G	p.Thr858Ala	0,73
48	B8441	PEKT02000001:139265	B9J08_000062	PASS	missense_variant	c.2605T>G	p.Ser869Ala	0,72
48	B8441	PEKT02000001:194357	B9J08_000092	PASS	missense_variant	c.11498A>T	p.Tyr3833Phe	0,105
48	B8441	PEKT02000001:194739	B9J08_000092	PASS	missense_variant	c.11116A>T	p.Asn3706Tyr	0,107
48	B8441	PEKT02000001:201256	B9J08_000092	PASS	missense_variant	c.4599A>G	p.Ile1533Met	0,120
48	B8441	PEKT02000001:234311	B9J08_000106	PASS	missense_variant	c.292A>T	p.Ile98Phe	0,96
48	B8441	PEKT02000001:246983	B9J08_000112	PASS	missense_variant	c.244A>G	p.Lys82Glu	0,84
48	B8441	PEKT02000001:255850	B9J08_000117	PASS	missense_variant	c.459G>T	p.Trp153Cys	0,58
48	B8441	PEKT02000001:258901	B9J08_000118	PASS	missense_variant	c.138T>A	p.Phe46Leu	0,76
48	B8441	PEKT02000001:350938	B9J08_000164	PASS	missense_variant	c.2110G>T	p.Val704Leu	0,77
48	B8441	PEKT02000001:510900	B9J08_000241	PASS	missense_variant	c.1375G>T	p.Val459Leu	0,67
48	B8441	PEKT02000001:549701	B9J08_000264	PASS	missense_variant	c.1081A>T	p.Ile361Phe	0,70
48	B8441	PEKT02000001:581527	B9J08_000285	PASS	missense_variant	c.964G>C	p.Glu322Gln	0,81
48	B8441	PEKT02000001:586233	B9J08_000286	PASS	missense_variant	c.2701T>A	p.Cys901Ser	0,120
48	B8441	PEKT02000001:590860	B9J08_000288	PASS	missense_variant	c.1462A>T	p.Asn488Tyr	0,92
48	B8441	PEKT02000001:597845	B9J08_000290	PASS	missense_variant	c.2707A>G	p.Thr903Ala	0,93
48	B8441	PEKT02000001:607214	B9J08_000295	PASS	missense_variant	c.290T>C	p.Ile97Thr	0,87
48	B8441	PEKT02000001:626921	B9J08_000309	PASS	missense_variant	c.1124C>T	p.Ser375Leu	0,68
48	B8441	PEKT02000001:671291	B9J08_000331	PASS	missense_variant	c.799G>A	p.Val267Ile	0,85
48	B8441	PEKT02000001:764852	B9J08_000376	PASS	missense_variant	c.1448T>A	p.Leu483Gln	0,95
48	B8441	PEKT02000001:766172	B9J08_000376	PASS	missense_variant	c.128G>T	p.Cys43Phe	0,79
48	B8441	PEKT02000001:768601	B9J08_000378	PASS	missense_variant	c.698C>G	p.Pro233Arg	0,64
48	B8441	PEKT02000001:840776	B9J08_000412	PASS	missense_variant	c.440G>A	p.Ser147Asn	1,72
48	B8441	PEKT02000001:921231	B9J08_000440	PASS	missense_variant	c.832T>G	p.Cys278Gly	0,79
48	B8441	PEKT02000001:925494	B9J08_000441	PASS	missense_variant	c.820C>G	p.Arg274Gly	0,106
48	B8441	PEKT02000001:1042883	B9J08_000489	PASS	missense_variant	c.951A>T	p.Glu317Asp	0,62
48	B8441	PEKT02000003:16571	B9J08_001069	PASS	missense_variant	c.562C>A	p.Arg188Ser	0,88
48	B8441	PEKT02000003:30386	B9J08_001075	PASS	missense_variant	c.4380G>A	p.Met1460Ile	0,80
48	B8441	PEKT02000003:37652	B9J08_001077	PASS	missense_variant	c.1052G>A	p.Arg351Lys	0,72
48	B8441	PEKT02000003:44573	B9J08_001080	PASS	missense_variant	c.140A>T	p.Gln47Leu	0,66
48	B8441	PEKT02000003:65214	B9J08_001093	PASS	missense_variant	c.1939T>C	p.Cys647Arg	0,84
48	B8441	PEKT02000003:112140	B9J08_001119	PASS	missense_variant	c.402G>T	p.Met134Ile	0,105
48	B8441	PEKT02000003:116811	B9J08_001121	PASS	missense_variant	c.823C>T	p.Leu275Phe	0,78
48	B8441	PEKT02000003:126265	B9J08_001125	PASS	missense_variant	c.4390G>A	p.Glu1464Lys	0,97
48	B8441	PEKT02000003:130499	B9J08_001125	PASS	missense_variant	c.156A>T	p.Lys52Asn	0,71
48	B8441	PEKT02000003:186598	B9J08_001150	PASS	missense_variant	c.51T>G	p.Asp17Glu	0,100
48	B8441	PEKT02000003:199689	B9J08_001156	PASS	missense_variant	c.1120A>T	p.Thr374Ser	0,94
48	B8441	PEKT02000003:220389	B9J08_001166	PASS	missense_variant	c.377G>A	p.Arg126His	0,84
48	B8441	PEKT02000003:321476	B9J08_001216	PASS	missense_variant	c.683G>C	p.Cys228Ser	0,82
48	B8441	PEKT02000003:370908	B9J08_001239	PASS	missense_variant	c.874G>A	p.Gly292Ser	0,65
48	B8441	PEKT02000003:392151	B9J08_001251	PASS	missense_variant	c.17C>G	p.Ala6Gly	0,71
48	B8441	PEKT02000003:397180	B9J08_001254	PASS	missense_variant	c.2425G>T	p.Val809Leu	0,72
48	B8441	PEKT02000003:427726	B9J08_001270	PASS	missense_variant	c.277C>A	p.Gln93Lys	0,77
48	B8441	PEKT02000003:460346	B9J08_001283	PASS	missense_variant	c.213C>A	p.Asn71Lys	1,77
48	B8441	PEKT02000003:467879	B9J08_001286	PASS	missense_variant	c.335T>C	p.Leu112Pro	0,82
48	B8441	PEKT02000003:528035	B9J08_001307	PASS	missense_variant	c.6856G>A	p.Gly2286Arg	0,122
48	B8441	PEKT02000003:537138	B9J08_001309	PASS	missense_variant	c.1154T>A	p.Ile385Asn	0,80
48	B8441	PEKT02000003:548636	B9J08_001314	PASS	missense_variant	c.43C>T	p.Arg15Cys	0,93
48	B8441	PEKT02000003:632795	B9J08_001357	PASS	missense_variant	c.206A>T	p.Asp69Val	0,89
48	B8441	PEKT02000003:658320	B9J08_001367	PASS	missense_variant	c.400A>C	p.Met134Leu	1,74
48	B8441	PEKT02000003:693909	B9J08_001378	PASS	missense_variant	c.1661G>A	p.Arg554Lys	0,82
48	B8441	PEKT02000003:766825	B9J08_001415	PASS	missense_variant	c.946G>A	p.Ala316Thr	0,108
48	B8441	PEKT02000003:808392	B9J08_001434	PASS	missense_variant	c.307A>T	p.Asn103Tyr	0,85
48	B8441	PEKT02000003:826197	B9J08_001443	PASS	missense_variant	c.2281T>G	p.Ser761Ala	0,86
48	B8441	PEKT02000003:833880	B9J08_001448	PASS	missense_variant	c.428A>G	p.Lys143Arg	0,80
48	B8441	PEKT02000003:879188	B9J08_001463	PASS	missense_variant	c.2332G>A	p.Val778Ile	0,105
48	B8441	PEKT02000003:897077	B9J08_001469	PASS	missense_variant	c.938A>G	p.Gln313Arg	0,109
48	B8441	PEKT02000003:909360	B9J08_001475	PASS	missense_variant	c.1136A>T	p.His379Leu	0,97
48	B8441	PEKT02000003:913173	B9J08_001476	PASS	missense_variant	c.1060G>C	p.Gly354Arg	0,73
48	B8441	PEKT02000003:913989	B9J08_001476	PASS	missense_variant	c.244A>T	p.Ile82Phe	0,76
48	B8441	PEKT02000003:919477	B9J08_001480	PASS	missense_variant	c.1643T>A	p.Leu548His	0,101
48	B8441	PEKT02000003:924139	B9J08_001481	PASS	missense_variant	c.601A>G	p.Ser201Gly	0,73
48	B8441	PEKT02000003:924694	B9J08_001481	PASS	stop_gained	c.46A>T	p.Lys16*	0,107
48	B8441	PEKT02000003:924695	B9J08_001481	PASS	missense_variant	c.45A>T	p.Leu15Phe	0,107
48	B8441	PEKT02000003:945862	B9J08_001489	PASS	missense_variant	c.326G>A	p.Ser109Asn	0,70
48	B8441	PEKT02000003:969334	B9J08_001499	PASS	missense_variant	c.353T>C	p.Leu118Ser	0,77
48	B8441	PEKT02000003:1009856	B9J08_001517	PASS	missense_variant	c.173T>A	p.Ile58Asn	0,73
48	B8441	PEKT02000009:15850	B9J08_004472	PASS	missense_variant	c.105T>A	p.Asn35Lys	0,105
48	B8441	PEKT02000009:27979	B9J08_004476	PASS	missense_variant	c.452C>A	p.Pro151Gln	0,83
48	B8441	PEKT02000009:149057	B9J08_004532	PASS	missense_variant	c.1337T>C	p.Phe446Ser	0,67
48	B8441	PEKT02000009:170872	B9J08_004540	PASS	missense_variant	c.1318A>G	p.Asn440Asp	0,76
48	B8441	PEKT02000009:198618	B9J08_004549	PASS	missense_variant	c.1108A>C	p.Lys370Gln	0,77
48	B8441	PEKT02000009:245418	B9J08_004565	PASS	missense_variant	c.203C>T	p.Pro68Leu	0,85
48	B8441	PEKT02000009:314078	B9J08_004594	PASS	missense_variant	c.43T>C	p.Tyr15His	0,95
48	B8441	PEKT02000009:393542	B9J08_004630	PASS	missense_variant	c.1212C>A	p.Ser404Arg	0,87
48	B8441	PEKT02000009:445557	B9J08_004651	PASS	missense_variant	c.1580G>A	p.Gly527Asp	0,101
48	B8441	PEKT02000009:451488	B9J08_004653	PASS	missense_variant	c.595T>C	p.Cys199Arg	0,82
48	B8441	PEKT02000009:451721	B9J08_004653	PASS	missense_variant	c.362G>A	p.Gly121Glu	0,72
48	B8441	PEKT02000009:523484	B9J08_004690	PASS	missense_variant	c.992C>T	p.Thr331Ile	0,111
48	B8441	PEKT02000009:560374	B9J08_004707	PASS	missense_variant	c.1798T>G	p.Ser600Ala	0,114
48	B8441	PEKT02000009:576565	B9J08_004715	PASS	missense_variant	c.245A>C	p.Lys82Thr	0,105
48	B8441	PEKT02000009:578566	B9J08_004717	PASS	missense_variant	c.545A>T	p.Asn182Ile	0,78
48	B8441	PEKT02000009:584356	B9J08_004719	PASS	missense_variant	c.55C>T	p.Pro19Ser	0,76
48	B8441	PEKT02000009:624199	B9J08_004737	PASS	missense_variant	c.721T>G	p.Ser241Ala	0,61
48	B8441	PEKT02000009:664045	B9J08_004758	PASS	missense_variant	c.550G>A	p.Gly184Arg	0,106
48	B8441	PEKT02000009:684561	B9J08_004768	PASS	missense_variant	c.81C>A	p.Asn27Lys	0,79
48	B8441	PEKT02000009:756931	B9J08_004792	PASS	missense_variant	c.343T>C	p.Ser115Pro	0,86
48	B8441	PEKT02000009:797715	B9J08_004813	PASS	missense_variant	c.69A>T	p.Lys23Asn	0,80
48	B8441	PEKT02000009:816509	B9J08_004820	PASS	missense_variant	c.1919C>T	p.Ala640Val	0,98
48	B8441	PEKT02000009:828300	B9J08_004826	PASS	missense_variant	c.994C>T	p.Arg332Cys	0,78
48	B8441	PEKT02000009:837356	B9J08_004830	PASS	missense_variant	c.1045T>C	p.Phe349Leu	0,66
48	B8441	PEKT02000009:846435	B9J08_004834	PASS	missense_variant	c.593A>G	p.Gln198Arg	0,82
48	B8441	PEKT02000009:893499	B9J08_004856	PASS	missense_variant	c.296C>G	p.Ser99Cys	0,81
48	B8441	PEKT02000009:902700	B9J08_004861	PASS	missense_variant	c.2102C>G	p.Thr701Ser	0,84
48	B8441	PEKT02000009:909363	B9J08_004862	PASS	missense_variant	c.277A>G	p.Thr93Ala	0,56
48	B8441	PEKT02000009:919034	B9J08_004868	PASS	missense_variant	c.2432C>A	p.Ala811Glu	0,82
48	B8441	PEKT02000009:940858	B9J08_004875	PASS	missense_variant	c.898T>G	p.Ser300Ala	0,82
48	B8441	PEKT02000009:942324	B9J08_004876	PASS	missense_variant	c.500C>T	p.Pro167Leu	0,70
48	B8441	PEKT02000008:5739	B9J08_004104	PASS	missense_variant	c.29C>A	p.Ala10Glu	1,102
48	B8441	PEKT02000008:26453	B9J08_004109	PASS	missense_variant	c.2069T>C	p.Ile690Thr	0,100
48	B8441	PEKT02000008:36798	B9J08_004110	PASS	missense_variant	c.1681G>C	p.Ala561Pro	0,86
48	B8441	PEKT02000008:59518	B9J08_004116	PASS	missense_variant	c.405A>G	p.Ile135Met	0,66
48	B8441	PEKT02000008:94945	B9J08_004133	PASS	missense_variant	c.2336C>A	p.Pro779Gln	1,101
48	B8441	PEKT02000008:123041	B9J08_004138	PASS	missense_variant	c.3841T>G	p.Ser1281Ala	0,96
48	B8441	PEKT02000008:138255	B9J08_004144	PASS	missense_variant	c.319A>G	p.Thr107Ala	0,74
48	B8441	PEKT02000008:153803	B9J08_004149	PASS	missense_variant	c.679T>A	p.Phe227Ile	0,59
48	B8441	PEKT02000008:214816	B9J08_004172	PASS	missense_variant	c.1360A>T	p.Met454Leu	61,82
48	B8441	PEKT02000008:342594	B9J08_004232	PASS	missense_variant	c.391G>T	p.Asp131Tyr	0,85
48	B8441	PEKT02000008:343495	B9J08_004232	PASS	missense_variant	c.1292C>G	p.Ser431Cys	0,113
48	B8441	PEKT02000008:402671	B9J08_004254	PASS	missense_variant	c.601G>T	p.Gly201Cys	0,94
48	B8441	PEKT02000008:424702	B9J08_004265	PASS	missense_variant	c.991G>A	p.Gly331Ser	0,86
48	B8441	PEKT02000008:488041	B9J08_004294	PASS	missense_variant	c.119A>T	p.His40Leu	0,65
48	B8441	PEKT02000008:530735	B9J08_004310	PASS	missense_variant	c.343T>C	p.Trp115Arg	0,74
48	B8441	PEKT02000008:571955	B9J08_004328	PASS	missense_variant	c.775G>T	p.Ala259Ser	0,52
48	B8441	PEKT02000008:600291	B9J08_004341	PASS	missense_variant	c.1063G>A	p.Glu355Lys	0,89
48	B8441	PEKT02000008:624613	B9J08_004351	PASS	missense_variant	c.668A>G	p.Asn223Ser	0,76
48	B8441	PEKT02000008:635860	B9J08_004356	PASS	missense_variant	c.749T>C	p.Leu250Pro	0,65
48	B8441	PEKT02000008:700653	B9J08_004383	PASS	missense_variant	c.5132T>A	p.Val1711Asp	0,87
48	B8441	PEKT02000008:701069	B9J08_004384	PASS	missense_variant	c.68T>A	p.Met23Lys	0,84
48	B8441	PEKT02000008:740741	B9J08_004401	PASS	missense_variant	c.402G>C	p.Glu134Asp	0,89
48	B8441	PEKT02000008:758696	B9J08_004411	PASS	missense_variant	c.1387C>A	p.Gln463Lys	0,67
48	B8441	PEKT02000008:815288	B9J08_004438	PASS	missense_variant	c.494T>A	p.Leu165His	0,71
48	B8441	PEKT02000008:815729	B9J08_004438	PASS	missense_variant	c.53C>G	p.Pro18Arg	0,80
48	B8441	PEKT02000008:851419	B9J08_004451	PASS	missense_variant	c.248C>A	p.Ser83Tyr	0,70
48	B8441	PEKT02000004:157412	B9J08_001597	PASS	missense_variant	c.302A>G	p.Lys101Arg	0,117
48	B8441	PEKT02000004:194130	B9J08_001615	PASS	missense_variant	c.169A>T	p.Ile57Leu	0,107
48	B8441	PEKT02000004:222372	B9J08_001627	PASS	missense_variant	c.1670G>C	p.Gly557Ala	0,71
48	B8441	PEKT02000004:224144	B9J08_001630	PASS	missense_variant	c.176A>T	p.Tyr59Phe	0,100
48	B8441	PEKT02000004:314784	B9J08_001677	PASS	missense_variant	c.168T>G	p.Asn56Lys	0,75
48	B8441	PEKT02000004:386844	B9J08_001708	PASS	missense_variant	c.809C>A	p.Ala270Asp	0,88
48	B8441	PEKT02000004:400725	B9J08_001715	PASS	missense_variant	c.1414C>G	p.Leu472Val	0,68
48	B8441	PEKT02000004:412897	B9J08_001722	PASS	missense_variant	c.475A>G	p.Thr159Ala	0,82
48	B8441	PEKT02000004:413701	B9J08_001723	PASS	missense_variant	c.597C>G	p.Asp199Glu	0,71
48	B8441	PEKT02000004:413910	B9J08_001723	PASS	missense_variant	c.388C>T	p.Leu130Phe	0,106
48	B8441	PEKT02000004:426127	B9J08_001729	PASS	stop_gained	c.1372C>T	p.Arg458*	0,79
48	B8441	PEKT02000004:427190	B9J08_001730	PASS	missense_variant	c.311A>G	p.His104Arg	0,72
48	B8441	PEKT02000004:440574	B9J08_001734	PASS	missense_variant	c.286C>T	p.Pro96Ser	0,94
48	B8441	PEKT02000004:465939	B9J08_001746	PASS	missense_variant	c.442C>T	p.His148Tyr	0,80
48	B8441	PEKT02000004:476306	B9J08_001748	PASS	missense_variant	c.1892G>A	p.Arg631Gln	1,66
48	B8441	PEKT02000004:479882	B9J08_001752	PASS	missense_variant	c.836T>C	p.Ile279Thr	0,88
48	B8441	PEKT02000004:512997	B9J08_001766	PASS	missense_variant	c.395T>A	p.Phe132Tyr	0,86
48	B8441	PEKT02000004:530636	B9J08_001774	PASS	missense_variant	c.1040G>C	p.Arg347Pro	0,103
48	B8441	PEKT02000004:531358	B9J08_001774	PASS	missense_variant	c.1762A>T	p.Ile588Phe	0,74
48	B8441	PEKT02000004:553662	B9J08_001786	PASS	missense_variant	c.995A>T	p.Glu332Val	0,94
48	B8441	PEKT02000004:559293	B9J08_001787	PASS	missense_variant	c.1013A>C	p.His338Pro	0,61
48	B8441	PEKT02000004:560708	B9J08_001787	PASS	missense_variant	c.2428T>C	p.Phe810Leu	0,76
48	B8441	PEKT02000004:570352	B9J08_001793	PASS	missense_variant	c.95C>A	p.Pro32Gln	1,72
48	B8441	PEKT02000004:576871	B9J08_001797	PASS	missense_variant	c.1427T>A	p.Ile476Asn	0,86
48	B8441	PEKT02000004:636923	B9J08_001827	PASS	missense_variant	c.227C>T	p.Thr76Ile	0,74
48	B8441	PEKT02000004:639895	B9J08_001829	PASS	missense_variant	c.958C>G	p.Pro320Ala	0,87
48	B8441	PEKT02000004:658182	B9J08_001837	PASS	missense_variant	c.65G>C	p.Arg22Pro	0,105
48	B8441	PEKT02000004:694433	B9J08_001857	PASS	missense_variant	c.1462A>G	p.Lys488Glu	0,99
48	B8441	PEKT02000004:696860	B9J08_001858	PASS	missense_variant	c.347C>G	p.Pro116Arg	0,91
48	B8441	PEKT02000004:711835	B9J08_001866	PASS	missense_variant	c.960C>G	p.Asn320Lys	0,76
48	B8441	PEKT02000004:721239	B9J08_001873	PASS	missense_variant	c.1592G>A	p.Arg531Lys	0,93
48	B8441	PEKT02000004:774775	B9J08_001900	PASS	missense_variant	c.1513G>A	p.Ala505Thr	0,102
48	B8441	PEKT02000004:774829	B9J08_001900	PASS	missense_variant	c.1567G>C	p.Gly523Arg	0,113
48	B8441	PEKT02000004:837376	B9J08_001924	PASS	missense_variant	c.1984T>A	p.Leu662Met	0,84
48	B8441	PEKT02000006:154444	B9J08_002299	PASS	missense_variant	c.494A>G	p.Asn165Ser	0,78
48	B8441	PEKT02000006:165233	B9J08_002304	PASS	missense_variant	c.1492G>A	p.Glu498Lys	0,69
48	B8441	PEKT02000006:202212	B9J08_002321	PASS	missense_variant	c.1025T>C	p.Ile342Thr	0,107
48	B8441	PEKT02000006:202399	B9J08_002321	PASS	missense_variant	c.1212C>G	p.His404Gln	0,111
48	B8441	PEKT02000006:237075	B9J08_002339	PASS	missense_variant	c.553A>G	p.Asn185Asp	0,80
48	B8441	PEKT02000006:256115	B9J08_002346	PASS	missense_variant	c.4036A>G	p.Thr1346Ala	0,102
48	B8441	PEKT02000006:275811	B9J08_002354	PASS	missense_variant	c.6046G>C	p.Val2016Leu	0,110
48	B8441	PEKT02000006:317145	B9J08_002373	PASS	missense_variant	c.277T>C	p.Tyr93His	0,90
48	B8441	PEKT02000006:329034	B9J08_002380	PASS	missense_variant	c.1307T>A	p.Ile436Asn	0,81
48	B8441	PEKT02000006:345023	B9J08_002389	PASS	missense_variant	c.2157G>T	p.Lys719Asn	0,85
48	B8441	PEKT02000006:415909	B9J08_002421	PASS	missense_variant	c.3562G>A	p.Gly1188Ser	0,86
48	B8441	PEKT02000006:417273	B9J08_002421	PASS	missense_variant	c.4926T>G	p.Asp1642Glu	0,106
48	B8441	PEKT02000006:426693	B9J08_002424	PASS	missense_variant	c.2239A>C	p.Asn747His	0,80
48	B8441	PEKT02000006:439912	B9J08_002432	PASS	missense_variant	c.431T>A	p.Val144Glu	0,70
48	B8441	PEKT02000006:526925	B9J08_002467	PASS	missense_variant	c.2577C>G	p.Phe859Leu	0,80
48	B8441	PEKT02000006:531884	B9J08_002469	PASS	missense_variant	c.2758T>C	p.Phe920Leu	0,85
48	B8441	PEKT02000006:544972	B9J08_002476	PASS	missense_variant	c.1522T>A	p.Cys508Ser	0,117
48	B8441	PEKT02000006:551524	B9J08_002479	PASS	missense_variant	c.917T>C	p.Leu306Pro	0,95
48	B8441	PEKT02000006:585211	B9J08_002492	PASS	missense_variant	c.889G>A	p.Gly297Ser	0,78
48	B8441	PEKT02000006:591320	B9J08_002494	PASS	missense_variant	c.26T>C	p.Val9Ala	0,72
48	B8441	PEKT02000006:649823	B9J08_002524	PASS	missense_variant	c.49A>G	p.Thr17Ala	0,75
48	B8441	PEKT02000006:715387	B9J08_002550	PASS	missense_variant	c.247G>A	p.Val83Ile	0,59
48	B8441	PEKT02000006:718716	B9J08_002553	PASS	missense_variant	c.296A>C	p.Asp99Ala	0,70
48	B8441	PEKT02000006:724018	B9J08_002557	PASS	missense_variant	c.13G>T	p.Val5Phe	1,92
48	B8441	PEKT02000006:729465	B9J08_002561	PASS	stop_gained	c.32C>A	p.Ser11*	0,70
48	B8441	PEKT02000006:772867	B9J08_002583	PASS	missense_variant	c.949C>T	p.Arg317Trp	0,91
48	B8441	PEKT02000005:65412	B9J08_001971	PASS	missense_variant	c.1387A>C	p.Ile463Leu	0,94
48	B8441	PEKT02000005:75077	B9J08_001974	PASS	missense_variant	c.12A>T	p.Gln4His	0,98
48	B8441	PEKT02000005:113457	B9J08_001996	PASS	missense_variant	c.1111A>G	p.Ile371Val	0,84
48	B8441	PEKT02000005:167079	B9J08_002023	PASS	missense_variant	c.1709C>A	p.Thr570Asn	0,89
48	B8441	PEKT02000005:205857	B9J08_002041	PASS	missense_variant	c.6049A>G	p.Thr2017Ala	0,90
48	B8441	PEKT02000005:293888	B9J08_002080	PASS	missense_variant	c.1209T>A	p.Asp403Glu	0,74
48	B8441	PEKT02000005:322069	B9J08_002094	PASS	missense_variant	c.853T>C	p.Phe285Leu	0,92
48	B8441	PEKT02000005:326477	B9J08_002096	PASS	missense_variant	c.710C>A	p.Ser237Tyr	0,74
48	B8441	PEKT02000005:342339	B9J08_002105	PASS	missense_variant	c.1978T>A	p.Ser660Thr	0,113
48	B8441	PEKT02000005:345672	B9J08_002106	PASS	missense_variant	c.563C>T	p.Pro188Leu	0,94
48	B8441	PEKT02000005:365610	B9J08_002114	PASS	missense_variant	c.848C>T	p.Ala283Val	0,90
48	B8441	PEKT02000005:431136	B9J08_002142	PASS	missense_variant	c.353C>T	p.Pro118Leu	0,87
48	B8441	PEKT02000005:438568	B9J08_002146	PASS	missense_variant	c.2951C>A	p.Ser984Tyr	0,88
48	B8441	PEKT02000005:453175	B9J08_002150	PASS	missense_variant	c.3071C>T	p.Ser1024Leu	0,95
48	B8441	PEKT02000005:461740	B9J08_002155	PASS	missense_variant	c.470C>T	p.Ala157Val	0,77
48	B8441	PEKT02000005:478427	B9J08_002166	PASS	missense_variant	c.1526A>C	p.Tyr509Ser	0,88
48	B8441	PEKT02000005:534286	B9J08_002189	PASS	missense_variant	c.914T>C	p.Val305Ala	0,81
48	B8441	PEKT02000005:563525	B9J08_002201	PASS	missense_variant	c.335C>T	p.Thr112Ile	0,84
48	B8441	PEKT02000005:566804	B9J08_002202	PASS	missense_variant	c.94T>A	p.Ser32Thr	0,77
48	B8441	PEKT02000005:566902	B9J08_002202	PASS	missense_variant	c.192A>C	p.Lys64Asn	0,91
48	B8441	PEKT02000005:608769	B9J08_002224	PASS	missense_variant	c.965G>A	p.Arg322His	0,114
48	B8441	PEKT02000005:621103	B9J08_002229	PASS	missense_variant	c.1916G>A	p.Gly639Asp	0,77
48	B8441	PEKT02000012:31455	B9J08_005555	PASS	missense_variant	c.152C>T	p.Ala51Val	0,77
48	B8441	PEKT02000013:11093	B9J08_005570	PASS	missense_variant	c.1006G>T	p.Gly336Trp	1,71
48	B8441	PEKT02000013:16071	B9J08_005572	PASS	missense_variant	c.1075A>C	p.Ser359Arg	0,60
